Date,Close_Normalized
2019-09-30,0.5327069415125323
2019-10-01,0.5253417956933244
2019-10-02,0.5055693780125896
2019-10-03,0.5015358868744884
2019-10-04,0.5069604620196175
2019-10-07,0.492477054664626
2019-10-08,0.5017918629871245
2019-10-09,0.4992993582406364
2019-10-10,0.4979818264993112
2019-10-11,0.5175951334686077
2019-10-14,0.5226267687551249
2019-10-15,0.5300962401215954
2019-10-16,0.5328238559667571
2019-10-17,0.5355506558509826
2019-10-18,0.5381605412809838
2019-10-21,0.5398411722966627
2019-10-22,0.5461698240421899
2019-10-23,0.5538827991119752
2019-10-24,0.5734202224304019
2019-10-25,0.5525791387065615
2019-10-28,0.5556917680349822
2019-10-29,0.5594527308464465
2019-10-30,0.5629402323952475
2019-10-31,0.5468429858462349
2019-11-01,0.541799693872608
2019-11-04,0.5353907289398836
2019-11-05,0.5553976749923628
2019-11-06,0.5442714501027743
2019-11-07,0.531876650411844
2019-11-08,0.5348277211460186
2019-11-11,0.5278460733858388
2019-11-12,0.5355454105924442
2019-11-13,0.5263566087921068
2019-11-14,0.5159599625538864
2019-11-15,0.5229772791225169
2019-11-18,0.5216117226610608
2019-11-19,0.5286457079413331
2019-11-20,0.5293664279974961
2019-11-21,0.5203557372441305
2019-11-22,0.5162683931617054
2019-11-25,0.5092307943060417
2019-11-26,0.49858982840357013
2019-11-27,0.4978381023092906
2019-11-28,0.481132387388006
2019-11-29,0.49516224101856743
2019-12-02,0.5233854890049054
2019-12-03,0.5243023875075474
2019-12-04,0.5192850895475052
2019-12-05,0.5286522356288208
2019-12-06,0.5369481510478573
2019-12-09,0.5386008066351566
2019-12-10,0.5361452528873434
2019-12-11,0.5353322134639511
2019-12-12,0.5256156064489106
2019-12-13,0.5394427539455056
2019-12-16,0.5428502922774818
2019-12-17,0.5506709732359143
2019-12-18,0.5609117721289909
2019-12-19,0.5520026093084325
2019-12-20,0.5602247392277595
2019-12-23,0.5653664117880906
2019-12-26,0.5685970047656785
2019-12-27,0.5709534784634924
2019-12-30,0.5638454746882287
2020-01-02,0.5600359044297039
2020-01-03,0.5695573819544832
2020-01-06,0.5537865166764313
2020-01-07,0.5590249379015948
2020-01-08,0.5462149346502245
2020-01-09,0.557866400612792
2020-01-10,0.5579732905405033
2020-01-13,0.5631359448511626
2020-01-14,0.570020493976138
2020-01-15,0.5599843826318227
2020-01-16,0.5606247897395131
2020-01-17,0.5619638859580958
2020-01-20,0.55083591241027
2020-01-21,0.5491910667006825
2020-01-22,0.5480691306789072
2020-01-23,0.5518306762173006
2020-01-24,0.5506129239892701
2020-01-27,0.5241381477964866
2020-01-28,0.5188804932405078
2020-01-29,0.5193247216629948
2020-01-30,0.5060877414277087
2020-01-31,0.4780260525130662
2020-02-03,0.4646866118863964
2020-02-04,0.47379848084092147
2020-02-05,0.48720786039662745
2020-02-06,0.4892693085932449
2020-02-07,0.49224427495111955
2020-02-10,0.480899141206486
2020-02-11,0.48145154174690874
2020-02-12,0.4715884126886676
2020-02-13,0.461770394238461
2020-02-14,0.4605745559806109
2020-02-17,0.46071256868280464
2020-02-18,0.46535312926658823
2020-02-19,0.4753387680079646
2020-02-20,0.4786082933990221
2020-02-21,0.4642294448252997
2020-02-24,0.4462761370917261
2020-02-25,0.441522741858398
2020-02-26,0.41807585227051125
2020-02-27,0.3814967747013389
2020-02-28,0.3616850746367619
2020-03-02,0.33985179148633926
2020-03-03,0.3774227189891708
2020-03-04,0.4088169950434968
2020-03-05,0.405950783769212
2020-03-06,0.3726272437575453
2020-03-09,0.28627313894854467
2020-03-10,0.30633009137467404
2020-03-11,0.29040209656125393
2020-03-12,0.2287259219384281
2020-03-13,0.23154830503362733
2020-03-16,0.17976568278023008
2020-03-17,0.12392602301922961
2020-03-18,0.09382876318518907
2020-03-19,0.040055564122787324
2020-03-20,0.06142666794885687
2020-03-23,0.01238623210110279
2020-03-24,0.0
2020-03-26,0.09579346271697409
2020-03-27,0.14512997302214226
2020-03-30,0.11384013877399513
2020-03-31,0.14354469198343023
2020-04-01,0.12614331832226622
2020-04-02,0.14181510378904338
2020-04-03,0.16371669370790576
2020-04-06,0.20869193267742192
2020-04-07,0.2007691410592527
2020-04-08,0.16449627897164887
2020-04-09,0.16983995844137634
2020-04-13,0.16382766344029687
2020-04-14,0.18354564544977836
2020-04-15,0.16430767716887518
2020-04-16,0.1296214950465735
2020-04-17,0.16643615018243252
2020-04-20,0.15237144346563136
2020-04-21,0.1347091979262156
2020-04-22,0.15037981770040942
2020-04-23,0.15658479407021764
2020-04-24,0.13331146973405916
2020-04-27,0.1373882063243166
2020-04-28,0.14130641493006557
2020-04-29,0.15032281740998288
2020-04-30,0.18591179394245794
2020-05-04,0.15943340417428353
2020-05-05,0.1653170117751126
2020-05-06,0.1602219650083223
2020-05-08,0.15751008541622546
2020-05-11,0.16745888941784304
2020-05-12,0.15543406665912674
2020-05-13,0.1472279059881465
2020-05-14,0.13755361172796077
2020-05-15,0.13606706124632506
2020-05-18,0.13689094091844223
2020-05-19,0.14586642933137028
2020-05-20,0.14522100996042298
2020-05-26,0.16452110729265024
2020-05-27,0.16804381165933813
2020-05-28,0.1858598061540131
2020-05-29,0.19479449652014313
2020-06-02,0.21720955456595803
2020-06-03,0.23953007835701756
2020-06-04,0.23372864933798865
2020-06-05,0.2411477645991611
2020-06-08,0.27045809552103517
2020-06-09,0.26198197090386666
2020-06-10,0.23467830253698496
2020-06-11,0.2189396089896336
2020-06-12,0.22505214973329601
2020-06-15,0.20976829210059877
2020-06-16,0.25038062781259063
2020-06-17,0.2506952361375252
2020-06-18,0.2357682998233419
2020-06-19,0.23983303023356695
2020-06-22,0.23423640549966485
2020-06-23,0.2247594556172665
2020-06-24,0.24519477710280158
2020-06-25,0.22896033357380663
2020-06-26,0.23071684847908003
2020-06-29,0.23017493869445937
2020-06-30,0.23102819296027088
2020-07-01,0.23317578256827787
2020-07-02,0.24568295044073962
2020-07-03,0.24735740350057878
2020-07-06,0.25095552528884757
2020-07-07,0.2505295974998747
2020-07-08,0.27179800770055373
2020-07-09,0.2662166527517038
2020-07-10,0.26107498019137254
2020-07-13,0.2689984712728366
2020-07-14,0.2725018258110683
2020-07-15,0.27170825295249745
2020-07-16,0.2770977420161056
2020-07-17,0.2726123293141707
2020-07-20,0.26581368836657826
2020-07-21,0.2809973002566928
2020-07-22,0.2799177939648625
2020-07-23,0.28823084456355375
2020-07-24,0.27342548523520405
2020-07-27,0.2814644920830274
2020-07-28,0.28058664273022105
2020-07-29,0.2893337804885203
2020-07-30,0.28933308102522526
2020-08-03,0.25509905370076336
2020-08-04,0.27151825222313386
2020-08-05,0.28394359172289274
2020-08-06,0.2961713540883071
2020-08-07,0.28796426072002546
2020-08-10,0.2912923018257405
2020-08-11,0.2990116880853726
2020-08-12,0.309344223380025
2020-08-13,0.31072831370900134
2020-08-14,0.312743135873353
2020-08-18,0.3240787113207615
2020-08-19,0.3187399278553744
2020-08-24,0.31974996168618186
2020-08-25,0.3345144067088175
2020-08-26,0.33485815615471504
2020-08-27,0.34229300766895254
2020-08-28,0.3363695351960767
2020-08-31,0.3105461228573496
2020-09-01,0.3277802259589915
2020-09-02,0.3280884233328041
2020-09-03,0.3206504244724635
2020-09-04,0.3108718049037402
2020-09-07,0.3085668530038077
2020-09-08,0.3118793908517399
2020-09-09,0.28927316686142723
2020-09-10,0.22770248323972253
2020-09-11,0.2576029816616301
2020-09-14,0.29224580183413473
2020-09-15,0.27769245555010724
2020-09-16,0.2675745160718135
2020-09-17,0.26278067276205963
2020-09-18,0.26775146142620176
2020-09-21,0.2534606189422979
2020-09-22,0.23787975415488516
2020-09-23,0.2340272881758516
2020-09-24,0.21607537913014352
2020-09-25,0.2406724134021918
2020-09-28,0.23130410186701722
2020-09-29,0.2247511795102659
2020-09-30,0.22258855311248915
2020-10-01,0.24647419215286792
2020-10-02,0.23612300649305462
2020-10-05,0.2437705886677719
2020-10-06,0.2534275145142959
2020-10-07,0.2546464324349105
2020-10-08,0.2629576181164479
2020-10-09,0.2664241381536452
2020-10-12,0.2758384927554314
2020-10-13,0.28526158969350623
2020-10-14,0.29565264070281594
2020-10-15,0.27871531152188345
2020-10-16,0.2783009239223795
2020-10-19,0.28377154213412004
2020-10-20,0.277447669656568
2020-10-21,0.2766374278476307
2020-10-22,0.2755321605374972
2020-10-23,0.2803954763082739
2020-10-26,0.2880014449527071
2020-10-27,0.2842239301659666
2020-11-02,0.28109731300399354
2020-11-03,0.2916785974992242
2020-11-04,0.2787270847066343
2020-11-05,0.31575971600023656
2020-11-06,0.3337124410068808
2020-11-09,0.33860058509865887
2020-11-10,0.36408059748441124
2020-11-11,0.375246804221137
2020-11-12,0.36309306058943824
2020-11-13,0.36367938128007404
2020-11-16,0.3717516090535402
2020-11-17,0.3801231751281642
2020-11-18,0.38670675403010946
2020-11-19,0.395429996164709
2020-11-20,0.39008177089973795
2020-11-23,0.4094443467762121
2020-11-24,0.42096630937759283
2020-11-25,0.41576647083425167
2020-11-26,0.4350241386752587
2020-11-27,0.4406148186873269
2020-11-30,0.3998120160166829
2020-12-01,0.4266272780503446
2020-12-02,0.4479321727816856
2020-12-03,0.45006997109718583
2020-12-04,0.44709570396388165
2020-12-07,0.47580852397602325
2020-12-08,0.4790672091183561
2020-12-10,0.4765102439353772
2020-12-11,0.47761574447951727
2020-12-14,0.49532601450033953
2020-12-15,0.4947558962920573
2020-12-16,0.5206035537474072
2020-12-17,0.5194051513478326
2020-12-18,0.517242874681703
2020-12-21,0.531876650411844
2020-12-22,0.4978977834778069
2020-12-23,0.4944171588706916
2020-12-28,0.514671805167531
2020-12-29,0.5009736948028343
2020-12-30,0.4873423760210709
2021-01-04,0.5173798381889545
2021-01-05,0.5251252182234467
2021-01-06,0.5080180543412676
2021-01-07,0.5290140527129505
2021-01-08,0.5538896765311103
2021-01-11,0.5837546228809329
2021-01-12,0.5867940494365738
2021-01-13,0.5962322999007841
2021-01-14,0.5945874541911969
2021-01-15,0.5814807935167583
2021-01-18,0.5854011002736674
2021-01-19,0.569173067934519
2021-01-20,0.5949319033391143
2021-01-21,0.5911443637871356
2021-01-22,0.5656568912553188
2021-01-25,0.5540655726905561
2021-01-26,0.5258003614422864
2021-01-27,0.5183991973217048
2021-01-28,0.4874173272133637
2021-01-29,0.4594781477431318
2021-02-01,0.5084627489930429
2021-02-02,0.5028039949690923
2021-02-03,0.5108977872198162
2021-02-04,0.5179331711879538
2021-02-05,0.5285595665299436
2021-02-08,0.5421996276479959
2021-02-09,0.5357076686499853
2021-02-10,0.5405194628616055
2021-02-11,0.5454593617465469
2021-02-15,0.5568711705764724
2021-02-16,0.5621402483468301
2021-02-17,0.5467024085248677
2021-02-18,0.5401565965825332
2021-02-19,0.547706031404553
2021-02-22,0.5532873863534031
2021-02-23,0.5574639024569548
2021-02-24,0.5522709413327489
2021-02-25,0.5614837554931518
2021-02-26,0.5500607564441293
2021-03-01,0.5731495590209188
2021-03-02,0.5780892246718536
2021-03-03,0.5822792623796691
2021-03-04,0.5617589649366033
2021-03-05,0.5541078856841355
2021-03-08,0.5516527984043356
2021-03-09,0.5399987680613194
2021-03-10,0.5555235650168828
2021-03-12,0.5778514324563657
2021-03-15,0.5697466832205518
2021-03-16,0.5662709546177769
2021-03-17,0.558519279891079
2021-03-18,0.5753734985090837
2021-03-19,0.5773623266598507
2021-03-22,0.5642254756695064
2021-03-23,0.5526666788058163
2021-03-24,0.5296126128176255
2021-03-25,0.5216716370635834
2021-03-26,0.5390235870780269
2021-03-29,0.532161651386527
2021-03-30,0.5093930526023074
2021-03-31,0.48888184722717787
2021-04-01,0.49507295249979966
2021-04-05,0.4852446762890732
2021-04-06,0.4929993816255085
2021-04-07,0.5010793025403211
2021-04-08,0.5094604269121701
2021-04-09,0.5090987263256814
2021-04-12,0.48006022450587427
2021-04-13,0.4750150676150935
2021-04-14,0.5043402023314556
2021-04-15,0.5113169543260194
2021-04-16,0.5129299777978296
2021-04-19,0.5048807131894864
2021-04-20,0.5014864632277674
2021-04-21,0.49072485303676383
2021-04-22,0.4909497063749173
2021-04-23,0.49636390750061055
2021-04-26,0.48393996668871697
2021-04-27,0.48269866832990926
2021-04-28,0.48624561805194433
2021-04-29,0.4954322052034805
2021-04-30,0.49129159090366104
2021-05-03,0.4810218838849034
2021-05-04,0.4837010087806457
2021-05-05,0.4865875025806883
2021-05-06,0.4852337190652585
2021-05-07,0.4752237184708936
2021-05-10,0.486557894991712
2021-05-11,0.4776209897380559
2021-05-17,0.4526763594494365
2021-05-18,0.4528038813958286
2021-05-19,0.43518359911834437
2021-05-20,0.4440195594048477
2021-05-21,0.43817628338280334
2021-05-24,0.4359111965936422
2021-05-25,0.44837453628701884
2021-05-27,0.45457858019825026
2021-05-28,0.4561990638161244
2021-05-31,0.47979620528151967
2021-06-02,0.4998765871020603
2021-06-03,0.5141845645268945
2021-06-04,0.5078948454335619
2021-06-07,0.5090333336693385
2021-06-08,0.49218750789469956
2021-06-09,0.5036715868001034
2021-06-10,0.5180101040337659
2021-06-11,0.5151356164137562
2021-06-14,0.5115277033329804
2021-06-15,0.5135936975635658
2021-06-16,0.5110941989003017
2021-06-17,0.5086780440339718
2021-06-18,0.4940378571139843
2021-06-21,0.4914435914394071
2021-06-22,0.5133081138619535
2021-06-23,0.5005843685196136
2021-06-24,0.495216210460532
2021-06-25,0.4976852858126086
2021-06-28,0.4778883893037953
2021-06-29,0.48017504080893847
2021-06-30,0.4888739208518249
2021-07-01,0.49376043302173134
2021-07-02,0.49783064216322614
2021-07-05,0.49367708922479725
2021-07-06,0.5035846294277779
2021-07-07,0.5028508539966399
2021-07-08,0.501862268145449
2021-07-09,0.5018499122337687
2021-07-12,0.5110941989003017
2021-07-13,0.49521049897270486
2021-07-14,0.4873761799123679
2021-07-15,0.5034994204749652
2021-07-16,0.5096479797587259
2021-07-19,0.496490496749701
2021-07-21,0.49949413799925013
2021-07-22,0.5251739424068727
2021-07-23,0.5166140075247567
2021-07-26,0.5177369927414748
2021-07-27,0.5155060593365335
2021-07-28,0.513470721651142
2021-07-29,0.521158635404644
2021-07-30,0.5090581619903398
2021-08-02,0.5153852983116358
2021-08-03,0.52350858141497
2021-08-04,0.530303725284812
2021-08-05,0.5413762139664426
2021-08-06,0.5409021449596976
2021-08-09,0.5227650146913252
2021-08-10,0.5134433289496918
2021-08-12,0.5256764530712856
2021-08-13,0.5256383366187518
2021-08-16,0.5133251323052428
2021-08-18,0.5205434063496024
2021-08-19,0.49050512822078307
2021-08-20,0.4996841387286135
2021-08-23,0.5185567928476369
2021-08-24,0.513703268369367
2021-08-25,0.5193713474565356
2021-08-26,0.506203257194068
2021-08-27,0.5022132447421293
2021-08-30,0.5269297576101264
2021-08-31,0.5282181482304882
2021-09-01,0.5140460853566875
2021-09-02,0.5110133029861752
2021-09-03,0.5226372595109268
2021-09-06,0.5226413393156064
2021-09-07,0.5191707394737295
2021-09-08,0.49854973029751704
2021-09-09,0.5086237248603596
2021-09-10,0.5149866467264721
2021-09-13,0.5133834147858936
2021-09-14,0.5231563226280656
2021-09-15,0.5186524925562512
2021-09-16,0.5185839525538052
2021-09-17,0.5241472398644231
2021-09-20,0.5105563689203605
2021-09-21,0.5068422653751685
2021-09-22,0.5181836690467696
2021-09-23,0.5264069646586802
2021-09-24,0.5269090090938044
2021-09-27,0.5215807163842194
2021-09-28,0.5193406909113416
2021-09-29,0.5311438076780073
2021-09-30,0.5608384528585701
2021-10-01,0.5469691088660369
2021-10-04,0.574145721515815
2021-10-05,0.5611024720829247
2021-10-06,0.5919634644300027
2021-10-07,0.5917421079308747
2021-10-08,0.6073482672685775
2021-10-11,0.6020790727618544
2021-10-12,0.6084220620725811
2021-10-13,0.6205102963115707
2021-10-14,0.641806915174636
2021-10-15,0.6435314911057661
2021-10-18,0.6496023013440537
2021-10-19,0.6489410294611253
2021-10-21,0.6434441840017933
2021-10-22,0.6460142043210229
2021-10-25,0.6417073686566237
2021-10-26,0.6491651835747088
2021-10-27,0.6361002529281954
2021-10-28,0.6174480228497232
2021-10-29,0.6335070362098361
2021-11-01,0.6243263940188581
2021-11-02,0.6100949997081888
2021-11-03,0.6241451358645083
2021-11-04,0.6323364927410005
2021-11-05,0.6312245812457382
2021-11-08,0.6432829749004698
2021-11-09,0.6522656902254558
2021-11-10,0.6554216817423983
2021-11-11,0.6573784546601058
2021-11-12,0.6477608109586992
2021-11-15,0.639399386146954
2021-11-16,0.6477972957280858
2021-11-17,0.6536692466418048
2021-11-18,0.6442790208977252
2021-11-19,0.664282703345185
2021-11-22,0.6650282514836245
2021-11-23,0.6541638311695894
2021-11-24,0.6554531540098036
2021-11-25,0.6592893010088425
2021-11-26,0.6263947196346109
2021-11-29,0.637551950801041
2021-11-30,0.6198008829721455
2021-12-01,0.613533078087718
2021-12-02,0.6317103067008685
2021-12-03,0.6208927451756563
2021-12-06,0.6229482486504401
2021-12-07,0.636186161344303
2021-12-08,0.6364795549236273
2021-12-09,0.6460605971192819
2021-12-10,0.6482066713030579
2021-12-13,0.6505817953660329
2021-12-14,0.6393059010871407
2021-12-15,0.6418410685588556
2021-12-16,0.6343310328570435
2021-12-17,0.6360341608085571
2021-12-20,0.6229471994554976
2021-12-21,0.6246653644355058
2021-12-22,0.6187649716253942
2021-12-23,0.6249617886245675
2021-12-24,0.626716205139956
2021-12-27,0.6297107545602931
2021-12-28,0.6351772929673543
2021-12-29,0.6357344727757515
2021-12-30,0.6311521946726191
2022-01-03,0.6511635700227005
2022-01-04,0.6583408135024298
2022-01-05,0.6504451813517045
2022-01-06,0.6483091316944418
2022-01-07,0.6597595234449145
2022-01-10,0.6573264666329361
2022-01-11,0.6470245878834779
2022-01-12,0.6468084766428883
2022-01-13,0.6495039207573496
2022-01-14,0.6578700083394287
2022-01-17,0.6463269477288034
2022-01-18,0.638929163710882
2022-01-19,0.6336585705162936
2022-01-20,0.6419877070996975
2022-01-21,0.6657412783984411
2022-01-24,0.6487424031318385
2022-01-25,0.627974988410066
2022-01-26,0.6357683931646894
2022-01-27,0.6382373517804003
2022-01-28,0.6464375674908225
2022-01-31,0.6430093973788902
2022-02-02,0.6612720679401352
2022-02-03,0.6555902342534206
2022-02-04,0.666939214568727
2022-02-07,0.6844964353363103
2022-02-08,0.680816485175338
2022-02-09,0.691579144561284
2022-02-10,0.6889617989852184
2022-02-11,0.687043608988058
2022-02-14,0.6676780022631219
2022-02-15,0.6851075843479475
2022-02-16,0.6953014077158357
2022-02-17,0.6917011880151309
2022-02-18,0.7054757647576266
2022-02-21,0.7078980975797966
2022-02-22,0.698117379859913
2022-02-23,0.7119782145114391
2022-02-24,0.6875718804320494
2022-02-25,0.7043664176428133
2022-03-01,0.7123087923234452
2022-03-02,0.6996470592960637
2022-03-04,0.7139529385697374
2022-03-07,0.6998055875192974
2022-03-08,0.6867037058741088
2022-03-09,0.6987014859017473
2022-03-10,0.7129215734956791
2022-03-11,0.712585983420416
2022-03-14,0.7196527233970429
2022-03-15,0.711531538444869
2022-03-16,0.7292472871969611
2022-03-17,0.7225605484403368
2022-03-18,0.7203117806311703
2022-03-21,0.7203634186879679
2022-03-22,0.7312589620152101
2022-03-23,0.7301353940715627
2022-03-24,0.7429238330844001
2022-03-25,0.7316672886339641
2022-03-28,0.7429042500219372
2022-03-29,0.7338532279285119
2022-03-30,0.7437605348974858
2022-03-31,0.748117726667183
2022-04-01,0.749864683036507
2022-04-04,0.7588068335487017
2022-04-05,0.7664653729472342
2022-04-06,0.7559416712306348
2022-04-07,0.7614684740105908
2022-04-08,0.7813942909149367
2022-04-11,0.7797134266652512
2022-04-12,0.7823362509725866
2022-04-13,0.7937941026303992
2022-04-14,0.7872901376910801
2022-04-18,0.796781075407031
2022-04-19,0.7786243620761959
2022-04-20,0.7853396589881292
2022-04-21,0.7969968366772482
2022-04-22,0.7849204921206503
2022-04-25,0.7826223009034874
2022-04-26,0.7864833927211687
2022-04-27,0.7780352435323801
2022-04-28,0.7857102186472724
2022-05-09,0.7095181149683825
2022-05-10,0.6880431518243391
2022-05-11,0.6871859344902134
2022-05-12,0.6355346807538813
2022-05-13,0.6350938326727793
2022-05-17,0.6461882355633148
2022-05-18,0.6817456230920191
2022-05-19,0.6888884797147974
2022-05-20,0.7115217469136377
2022-05-23,0.6930518239457333
2022-05-24,0.7105661487540829
2022-05-25,0.7032522914987498
2022-05-27,0.7373307049507993
2022-05-30,0.7400304618652223
2022-05-31,0.7666256495899806
2022-06-02,0.7665666678847591
2022-06-03,0.774740073859385
2022-06-06,0.7541192974397297
2022-06-07,0.7647336866016867
2022-06-08,0.7772115968555449
2022-06-09,0.7747088343485369
2022-06-10,0.7517477869521461
2022-06-13,0.7299746514382526
2022-06-14,0.7429708086095885
2022-06-15,0.7327457459695768
2022-06-16,0.7430768825763638
2022-06-17,0.7160152027272908
2022-06-20,0.7254233793732368
2022-06-21,0.7415835711732339
2022-06-22,0.7273174405126908
2022-06-23,0.7306490951937974
2022-06-24,0.7413129077637508
2022-06-27,0.7348955502263852
2022-06-28,0.7302167564537021
2022-06-29,0.7173005624991908
2022-06-30,0.7099552327377276
2022-07-01,0.6819638322450441
2022-07-04,0.6449242070346659
2022-07-05,0.6602250831106524
2022-07-06,0.6466521633071809
2022-07-07,0.6481267078475086
2022-07-08,0.669046705831956
2022-07-11,0.6647319440309285
2022-07-12,0.6638125974067541
2022-07-13,0.6453582941942737
2022-07-14,0.6570788831249414
2022-07-15,0.6479638668243131
2022-07-18,0.6497180503444195
2022-07-19,0.6680613838245091
2022-07-20,0.7011608862202336
2022-07-21,0.6986274671680313
2022-07-22,0.7040778033314636
2022-07-25,0.6972610949843641
2022-07-26,0.7003955217853244
2022-07-27,0.7067643883732704
2022-07-28,0.7207539109024967
2022-07-29,0.7193946488945218
2022-08-01,0.7236105638795567
2022-08-02,0.7282356214442816
2022-08-03,0.7421956528821727
2022-08-04,0.7447532007920812
2022-08-05,0.751271969525888
2022-08-08,0.7517958116722769
2022-08-09,0.7556227501057384
2022-08-10,0.7516494063654418
2022-08-11,0.7693505845570523
2022-08-12,0.7619243586427382
2022-08-15,0.7533300373811207
2022-08-16,0.7629213373372952
2022-08-18,0.7755988063790169
2022-08-19,0.772227053591857
2022-08-22,0.7568409685630577
2022-08-23,0.7700382001852133
2022-08-24,0.7775439230870638
2022-08-25,0.7726505334980223
2022-08-26,0.7633498295067169
2022-08-29,0.7625851645351029
2022-08-30,0.7691329581309567
2022-08-31,0.773696585868928
2022-09-01,0.7676124870216583
2022-09-02,0.7733598301010818
2022-09-05,0.7864189325234026
2022-09-06,0.7867225836245222
2022-09-07,0.7756462483722184
2022-09-08,0.786450987756462
2022-09-09,0.7889907012621451
2022-09-12,0.791809587279594
2022-09-13,0.8069810764920347
2022-09-14,0.7974468933239278
2022-09-15,0.8040173003532569
2022-09-16,0.7713762472088534
2022-09-19,0.777730543236318
2022-09-20,0.7780798879111264
2022-09-21,0.7760179734852204
2022-09-22,0.7833209902531044
2022-09-23,0.7736949539470559
2022-09-26,0.7615008789752975
2022-09-27,0.7579071867233558
2022-09-28,0.7494519271201501
2022-09-29,0.7397041970919025
2022-09-30,0.7408022374899781
2022-10-03,0.7333826557607925
2022-10-04,0.7483120399577836
2022-10-05,0.7490589872615379
2022-10-06,0.7493545954896637
2022-10-07,0.7374565949753193
2022-10-10,0.729724736545091
2022-10-11,0.7165351983030064
2022-10-12,0.7093887278661122
2022-10-13,0.7025650256022364
2022-10-14,0.6867864669441135
2022-10-17,0.6907458228508583
2022-10-18,0.6915524513231288
2022-10-19,0.6977406424836543
2022-10-20,0.726443903959846
2022-10-21,0.7353051587966393
2022-10-24,0.7437256820499714
2022-10-25,0.7426122553692027
2022-10-26,0.741552098667104
2022-10-27,0.7529684532922731
2022-10-28,0.7444409236135889
2022-10-31,0.7546702992922869
2022-11-01,0.7435488534319485
2022-11-02,0.734808359620053
2022-11-03,0.7393162694965472
2022-11-04,0.7419311671898048
2022-11-07,0.7555072343393794
2022-11-08,0.7430290910902393
2022-11-09,0.747793559806299
2022-11-10,0.7231459366723956
2022-11-11,0.7523584699732193
2022-11-14,0.7356921539334178
2022-11-15,0.7395375094980341
2022-11-16,0.734496548909574
2022-11-17,0.7418020135602656
2022-11-18,0.7506814522942071
2022-11-21,0.7461614197400395
2022-11-22,0.7383648678780379
2022-11-23,0.743983290323204
2022-11-24,0.7502837334063448
2022-11-25,0.743750976600261
2022-11-28,0.7352065449759284
2022-11-29,0.7339439153738696
2022-11-30,0.7504742001262721
2022-12-01,0.7360290261989049
2022-12-02,0.7357511356386388
2022-12-05,0.7280376943395652
2022-12-06,0.7054165498183989
2022-12-07,0.6877944026237608
2022-12-08,0.6843269501279865
2022-12-09,0.6630544601226278
2022-12-12,0.6676699591514033
2022-12-13,0.6857805129179859
2022-12-14,0.6837353837013629
2022-12-15,0.6718256102409923
2022-12-16,0.686228587911146
2022-12-19,0.6784713181942621
2022-12-20,0.6757540766072612
2022-12-21,0.6882506372262802
2022-12-22,0.6891504007879918
2022-12-23,0.6834784751301497
2022-12-26,0.6918661269507618
2022-12-27,0.7126873946168577
2022-12-28,0.695378224064007
2022-12-29,0.6976597463308032
2022-12-30,0.695401886692425
2023-01-02,0.6954889605623915
2023-01-03,0.7045065287348922
2023-01-04,0.6864782698090257
2023-01-05,0.6484260461486666
2023-01-06,0.6557590199984493
2023-01-09,0.6566439800043975
2023-01-10,0.6409439858752339
2023-01-11,0.6318614912756784
2023-01-12,0.6427189179116619
2023-01-13,0.6455587856794391
2023-01-16,0.6565943233623945
2023-01-17,0.675521063659748
2023-01-18,0.6751501545076819
2023-01-19,0.6880701950328663
2023-01-20,0.7012057635942617
2023-01-24,0.6978452010261984
2023-01-25,0.6904629202660602
2023-01-26,0.6987914738838101
2023-01-27,0.7069470454542104
2023-01-30,0.7006208415914912
2023-01-31,0.6927097064217074
2023-02-01,0.698180324872173
2023-02-02,0.7049395666995575
2023-02-03,0.7099910182825442
2023-02-06,0.7009335849992719
2023-02-07,0.7156174836007041
2023-02-08,0.7167689104750901
2023-02-09,0.7065613325076563
2023-02-10,0.70249438744863
2023-02-13,0.7072237703218929
2023-02-14,0.7171821326207353
2023-02-15,0.7106609160041204
2023-02-16,0.7061552210151527
2023-02-17,0.7061671104588199
2023-02-20,0.70592908524805
2023-02-21,0.700841382129683
2023-02-22,0.6856974021163336
2023-02-23,0.6927365163962282
2023-02-24,0.6968239769762943
2023-02-27,0.6963944356119298
2023-02-28,0.6936400100309721
2023-03-01,0.6940451890648986
2023-03-02,0.6970242352274532
2023-03-03,0.6865731533179795
2023-03-06,0.6849891547082165
2023-03-07,0.6753821184989772
2023-03-08,0.6776768126383899
2023-03-09,0.683268891577048
2023-03-10,0.6750345222436815
2023-03-13,0.6802037040031041
2023-03-14,0.645554939108766
2023-03-15,0.6422899595129516
2023-03-16,0.6273913483587956
2023-03-17,0.6542499723422543
2023-03-20,0.6385546409834248
2023-03-21,0.6574426818625903
2023-03-24,0.6743069247683837
2023-03-27,0.6615779339287806
2023-03-28,0.6738471933268384
2023-03-29,0.6927322033575418
2023-03-30,0.6854547143739544
2023-03-31,0.6845775642457186
2023-04-03,0.6898051452221574
2023-04-04,0.6912383092274825
2023-04-05,0.6880147101666707
2023-04-06,0.681590708444177
2023-04-10,0.6764509008009993
2023-04-11,0.6860187713627623
2023-04-12,0.6830704982430431
2023-04-13,0.6798797706149513
2023-04-14,0.6877519731325406
2023-04-17,0.680353373153683
2023-04-18,0.6885237485185716
2023-04-26,0.7096126489844135
2023-04-27,0.7180468103396502
2023-04-28,0.7109420701694058
2023-05-02,0.6984295403020395
2023-05-03,0.6863549441649546
2023-05-04,0.6938281453657325
2023-05-05,0.6803650296020685
2023-05-08,0.6760679854689007
2023-05-09,0.6785385760064837
2023-05-10,0.6861598146746932
2023-05-11,0.6727991593024132
2023-05-12,0.6612986449193741
2023-05-15,0.6622480648843636
2023-05-16,0.6538506215325204
2023-05-17,0.6506397281150362
2023-05-19,0.6595793142467823
2023-05-22,0.6665228453157035
2023-05-23,0.6682027768680874
2023-05-24,0.6703799738263461
2023-05-25,0.6604554151800759
2023-05-26,0.6563421938204315
2023-05-29,0.6549339746337486
2023-05-30,0.6442679474149939
2023-05-31,0.6435131902335276
2023-06-05,0.6435551537341841
2023-06-06,0.6400902656188585
2023-06-07,0.6402888919481455
2023-06-08,0.6514075401940285
2023-06-09,0.6580187450314308
2023-06-12,0.6647863797021816
2023-06-13,0.6639845304978857
2023-06-14,0.6593777738053992
2023-06-15,0.6627385696074688
2023-06-16,0.6590984845572678
2023-06-19,0.6561173402435532
2023-06-20,0.6500050327338973
2023-06-21,0.6600720336186887
2023-06-22,0.6480489590407603
2023-06-23,0.6450581399321798
2023-06-26,0.6510107537647434
2023-06-27,0.6503449356091218
2023-07-03,0.658661366549198
2023-07-04,0.6550895885061612
2023-07-05,0.6639756716639558
2023-07-06,0.6731317187679386
2023-07-07,0.6633745469401073
2023-07-10,0.6668549383132159
2023-07-11,0.6825834905976884
2023-07-12,0.6852775357855596
2023-07-13,0.6857559178309911
2023-07-14,0.6999263485441951
2023-07-17,0.6993467885363289
2023-07-18,0.6905280799271216
2023-07-20,0.6986413385039427
2023-07-21,0.7026072220981747
2023-07-24,0.7070461255042095
2023-07-25,0.7114183540636767
2023-07-26,0.718715659105009
2023-07-27,0.7063937124552109
2023-07-28,0.7072452180627848
2023-07-31,0.7146764562403558
2023-08-01,0.7039666006037908
2023-08-02,0.6963306748774585
2023-08-03,0.7067312839452686
2023-08-04,0.6959324895215833
2023-08-07,0.703935594326949
2023-08-08,0.6997452068874861
2023-08-09,0.7012488925487768
2023-08-10,0.7055851025681457
2023-08-11,0.7024108104176892
2023-08-14,0.7096185937062471
2023-08-15,0.710795315130923
2023-08-16,0.7073187705672122
2023-08-18,0.6976203474493201
2023-08-21,0.6990816036193908
2023-08-22,0.7111173836019222
2023-08-23,0.7123014486750217
2023-08-24,0.7070451930456327
2023-08-25,0.7061024170270469
2023-08-28,0.7123770993306093
2023-08-29,0.7209969483765231
2023-08-30,0.7231026912202394
2023-08-31,0.7199047364413651
2023-09-01,0.7257281964056645
2023-09-04,0.7302869283780202
2023-09-05,0.7290832804811824
2023-09-06,0.7300966946533747
2023-09-07,0.7202743631644819
2023-09-08,0.7131058622597661
2023-09-11,0.7223238051810665
2023-09-12,0.7152996114320256
2023-09-13,0.715659330364995
2023-09-14,0.7213545691583321
2023-09-15,0.7269545744723434
2023-09-18,0.7158042204863238
2023-09-19,0.7263648732015981
2023-09-20,0.7338513627726333
2023-09-21,0.7290254642298202
2023-09-22,0.7350839187951521
2023-09-25,0.7306762546612409
2023-09-26,0.7128719168536759
2023-09-27,0.7162208229733538
2023-09-29,0.7167135423452602
2023-10-02,0.7218620920860019
2023-10-03,0.7169511013267416
2023-10-04,0.7039857171982404
2023-10-05,0.7011807022779781
2023-10-06,0.7044492952104591
2023-10-09,0.7051504324428837
2023-10-10,0.7124871363656988
2023-10-11,0.7147705240270983
2023-10-12,0.7155816982946124
2023-10-13,0.7135833116078958
2023-10-16,0.7063051231610136
2023-10-17,0.7166474499868971
2023-10-18,0.7138521101002255
2023-10-19,0.6944010614271947
2023-10-20,0.6950554561297129
2023-10-23,0.6694631918213452
2023-10-24,0.68493215441779
2023-10-25,0.6915271567728389
2023-10-26,0.6629114351571772
2023-10-27,0.6734807137110996
2023-10-30,0.6680137088360256
2023-10-31,0.6719094205059397
2023-11-01,0.6456991297667998
2023-11-02,0.671712542357441
2023-11-03,0.6806560920349505
2023-11-06,0.7021379323594046
2023-11-07,0.6937716115433192
2023-11-08,0.6842980420023053
2023-11-09,0.6924449877340575
2023-11-10,0.685529199336959
2023-11-13,0.6924638713332256
2023-11-14,0.6981319504203944
2023-11-15,0.721085304436714
2023-11-16,0.7210382124138848
2023-11-17,0.7257315767470494
2023-11-20,0.7298424669602515
2023-11-21,0.7219411230829744
2023-11-22,0.7088501986616007
2023-11-23,0.7320998603693412
2023-11-24,0.7333619072444708
2023-11-27,0.7342630697327723
2023-11-28,0.7408679798779689
2023-11-29,0.7396776203513884
2023-11-30,0.7503377028483094
2023-12-01,0.7453637670767892
2023-12-04,0.7534074364562213
2023-12-05,0.7551393557970505
2023-12-06,0.7519261312331242
2023-12-07,0.7632006265854265
2023-12-08,0.7691627987152148
2023-12-11,0.75225799099663
2023-12-12,0.7609766870972612
2023-12-13,0.7490484962670116
2023-12-14,0.7730821727748223
2023-12-15,0.7766562822030261
2023-12-18,0.7595963268413173
2023-12-19,0.7759063042895342
2023-12-20,0.7835027146367428
2023-12-21,0.7811040446817152
2023-12-22,0.7877644396931072
2023-12-27,0.7897690043356638
2023-12-28,0.8036083912462981
2023-12-29,0.7961861286390226
2024-01-02,0.8083111973790464
2024-01-03,0.7976886486077299
2024-01-04,0.8169471324096729
2024-01-05,0.8147642237248627
2024-01-08,0.7987591795679896
2024-01-09,0.7788562093311255
2024-01-10,0.7853241559690707
2024-01-11,0.7835735860243558
2024-01-12,0.7886284179487271
2024-01-15,0.7845373437932697
2024-01-16,0.7890220570319093
2024-01-17,0.7789592526881637
2024-01-18,0.7914521997317916
2024-01-19,0.7853492172853542
2024-01-22,0.7902493677958897
2024-01-23,0.7922309690345988
2024-01-24,0.7854498127595844
2024-01-25,0.7735658000787924
2024-01-26,0.7637890456659473
2024-01-29,0.7685842876635662
2024-01-30,0.7769494425483439
2024-01-31,0.780703411443032
2024-02-01,0.7792125479227099
2024-02-02,0.7880666921063615
2024-02-05,0.7784771405697
2024-02-06,0.7901252261908827
2024-02-07,0.787199333509357
2024-02-12,0.8021237054430914
2024-02-13,0.7811331858026782
2024-02-15,0.8034633846273282
2024-02-16,0.8111656357073052
2024-02-19,0.8018929071443797
2024-02-20,0.8152373600343061
2024-02-21,0.8143827070806293
2024-02-22,0.8121423318761041
2024-02-23,0.8015092925877105
2024-02-26,0.7988183945072174
2024-02-27,0.7991749663328083
2024-02-28,0.8095163604613904
2024-02-29,0.8065262408161051
2024-03-01,0.8055227346727851
2024-03-04,0.7971296038821789
2024-03-05,0.7901375821025627
2024-03-06,0.8097943675192973
2024-03-07,0.8203371858303465
2024-03-08,0.8222334618573264
2024-03-13,0.83161529475804
2024-03-14,0.8345057516263967
2024-03-15,0.8093774153006199
2024-03-18,0.8032648747956823
2024-03-19,0.811452385101501
2024-03-20,0.810111190731758
2024-03-21,0.8118359996581701
2024-03-22,0.8146526710268176
2024-03-25,0.8212433605819047
2024-03-26,0.8183558178256443
2024-03-27,0.8050893467377476
2024-03-28,0.8000095699947338
2024-04-01,0.7800159123125121
2024-04-02,0.7876366847514333
2024-04-03,0.7708926199048836
2024-04-04,0.7917940842605353
2024-04-05,0.7995485563629641
2024-04-16,0.7704063117228239
2024-04-17,0.7622977156776121
2024-04-18,0.7708853929928257
2024-04-19,0.7519074808679629
2024-04-22,0.7486853969926575
2024-04-23,0.7575165780111859
2024-04-24,0.7727281655684048
2024-04-25,0.7681352799731047
2024-04-26,0.739674822736933
2024-04-29,0.7682523111636947
2024-04-30,0.7869713328251005
2024-05-02,0.7590949818694874
2024-05-03,0.7632247554431328
2024-05-06,0.7635031122326874
2024-05-07,0.7605719740538983
2024-05-08,0.7522603223817972
2024-05-13,0.7547588883477596
2024-05-14,0.7510591223677674
2024-05-15,0.7739928935603486
2024-05-16,0.7899551582556295
2024-05-17,0.8067952723037166
2024-05-20,0.7947284860443435
2024-05-21,0.7754744317787277
2024-05-22,0.7841508148857794
2024-05-27,0.7731785719467319
2024-05-28,0.7916095622624415
2024-05-29,0.764538906843073
2024-05-30,0.7392133428758747
2024-05-31,0.7240767065109488
2024-06-03,0.7397024486723898
2024-06-04,0.7547710112641581
2024-06-05,0.7185703027543915
2024-06-06,0.7250700716301142
2024-06-07,0.7067009771317221
2024-06-10,0.7123343201077417
2024-06-11,0.6966126450036796
2024-06-12,0.6952772788581292
2024-06-13,0.6908529460125761
2024-06-14,0.6677606465967609
2024-06-19,0.6658715977205638
2024-06-20,0.6879302006771533
2024-06-21,0.7024105771836828
2024-06-24,0.7046037436290129
2024-06-25,0.703061358549534
2024-06-26,0.7085372222585382
2024-06-27,0.7234119375502697
2024-06-28,0.7462402175030054
2024-07-01,0.7643949494190458
2024-07-02,0.7609372882157783
2024-07-03,0.7780330288835786
2024-07-04,0.7837944762941951
2024-07-05,0.791548948396624
2024-07-08,0.7909771982664697
2024-07-09,0.7954708870754048
2024-07-10,0.7995867895518638
2024-07-11,0.8027774009210391
2024-07-12,0.8092642309194276
2024-07-15,0.7976342129364768
2024-07-16,0.7846070494882993
2024-07-17,0.7845890983477084
2024-07-18,0.8077103058892046
2024-07-19,0.8013660343882536
2024-07-22,0.8079264168910694
2024-07-23,0.8059881778408822
2024-07-24,0.7937897898304376
2024-07-25,0.7884227974639395
2024-07-26,0.7998553548101868
2024-07-29,0.8000296192864851
2024-07-30,0.7888016332300831
2024-07-31,0.7921195330729192
2024-08-01,0.808883413738489
2024-08-02,0.8046193575356824
2024-08-05,0.7453033864449778
2024-08-06,0.7619095550869748
2024-08-07,0.7817036537426081
2024-08-08,0.7776430031370629
2024-08-09,0.7924140923448271
2024-08-12,0.8021132146872896
2024-08-13,0.8162011178032202
2024-08-14,0.8351560667629598
2024-08-15,0.8288207708323041
2024-08-16,0.834213290744374
2024-08-19,0.842506875016968
2024-08-20,0.8585381459439831
2024-08-21,0.8634577625418915
2024-08-22,0.8477217501113545
2024-08-23,0.8610001108816427
2024-08-26,0.8757764453479457
2024-08-27,0.8737916967631338
2024-08-28,0.888352503193226
2024-08-29,0.8808873448654417
2024-08-30,0.8911832788930665
2024-09-02,0.8968641801212041
2024-09-03,0.8782415573929836
2024-09-04,0.8916996608933909
2024-09-05,0.8936445443674312
2024-09-06,0.9033852802401778
2024-09-09,0.8988238673897326
2024-09-10,0.9128249296309787
2024-09-11,0.9127215365422929
2024-09-12,0.9216017914758952
2024-09-13,0.9249384581815334
2024-09-17,0.9296289086413265
2024-09-18,0.9289977103379379
2024-09-19,0.947201748925609
2024-09-20,0.9084361488575106
2024-09-23,0.9162489034405901
2024-09-24,0.9169078441770762
2024-09-25,0.9079343374176678
2024-09-26,0.9087971499807039
2024-09-27,0.8974338323389226
2024-09-30,0.8570925095293369
2024-10-01,0.8843557300585179
2024-10-02,0.8655273703478685
2024-10-03,0.8608879754566685
2024-10-04,0.849491902879808
2024-10-07,0.8514121912668533
2024-10-08,0.8640663474118047
2024-10-09,0.8507319190483913
2024-10-10,0.845669743714321
2024-10-11,0.8553433385112117
2024-10-14,0.8646661897067041
2024-10-15,0.8807314977590228
2024-10-16,0.8859807594716356
2024-10-17,0.9065347443083576
2024-10-18,0.9125078734232361
2024-10-21,0.9155005574489703
2024-10-22,0.919412471601238
2024-10-23,0.9190739674138788
2024-10-24,0.9021206689845995
2024-10-25,0.8968953028956865
2024-10-28,0.882564828535018
2024-10-29,0.8758731942515026
2024-10-30,0.8671000624796183
2024-10-31,0.868095292515938
2024-11-01,0.8516800570618812
2024-11-04,0.8455319642461339
2024-11-05,0.8484988874922899
2024-11-06,0.8227015859035134
2024-11-07,0.7892781498809112
2024-11-08,0.7996223418626736
2024-11-11,0.7946733509097954
2024-11-12,0.8079287482762363
2024-11-13,0.8047501430870936
2024-11-14,0.7822837967161282
2024-11-15,0.7695590024175707
2024-11-18,0.7631179820130627
2024-11-19,0.7777847459122891
2024-11-20,0.774113188355958
2024-11-21,0.7647019808615503
2024-11-22,0.7777489603674725
2024-11-25,0.8060480920046802
2024-11-26,0.7897623601505352
2024-11-28,0.7788452523460352
2024-11-29,0.7583409241513162
2024-12-02,0.7422794629083955
2024-12-03,0.7778568994901265
2024-12-04,0.8090694511608139
2024-12-05,0.8058583245093232
2024-12-06,0.8224430451717035
2024-12-09,0.835559963606662
2024-12-10,0.8392736009225656
2024-12-11,0.8420105420696704
2024-12-12,0.825177072206712
2024-12-13,0.8085979467732425
2024-12-16,0.7928043510866247
2024-12-17,0.7687172881025035
2024-12-18,0.7568152077834795
2024-12-19,0.7256288831216589
2024-12-20,0.727211016814268
2024-12-23,0.7540865427433754
2024-12-24,0.7467579984299197
2024-12-27,0.7397931361177474
2024-12-30,0.7501380273240799
2025-01-02,0.7700238626200135
2025-01-03,0.7703160905067545
2025-01-06,0.7502739418751134
2025-01-07,0.7509447722939913
2025-01-08,0.7502448007541502
2025-01-09,0.7464815067962438
2025-01-10,0.7522773408250865
2025-01-13,0.7350921949021527
2025-01-14,0.7207176591283919
2025-01-15,0.7500561989513768
2025-01-16,0.7567302320646734
2025-01-17,0.7679835126713654
2025-01-20,0.7718218743192056
2025-01-21,0.7744676617916642
2025-01-22,0.7924455648509572
2025-01-23,0.7866004236730342
2025-01-24,0.7707044843313984
2025-01-30,0.7486038016152361
2025-01-31,0.757130515571709
2025-02-03,0.7382383948878639
2025-02-04,0.7485992555812679
2025-02-05,0.7368466114175412
2025-02-06,0.701350187486302
2025-02-07,0.6696093641328984
2025-02-10,0.6470656186868327
2025-02-11,0.6193373047212023
2025-02-12,0.6465012119663773
2025-02-13,0.63881189952501
2025-02-14,0.644754022363047
2025-02-17,0.6906901049893808
2025-02-18,0.7008770509381339
2025-02-19,0.6820927528793017
2025-02-20,0.6804631771934908
2025-02-21,0.684034256011957
2025-02-24,0.6712863815731862
2025-02-25,0.6324902416962592
2025-02-26,0.6370478082147559
2025-02-27,0.6082265828506723
2025-02-28,0.5569363302375339
2025-03-03,0.6163933446401695
2025-03-04,0.5831491853571225
2025-03-05,0.6191961449116303
2025-03-06,0.6398334733065618
2025-03-07,0.6441670022091164
2025-03-10,0.6351460536952309
2025-03-11,0.6226459962371858
2025-03-12,0.651100741746806
2025-03-13,0.6468925199031177
2025-03-14,0.6154319182564223
2025-03-17,0.605003450019149
2025-03-18,0.5456663809192
2025-03-19,0.5667390786639637
2025-03-20,0.5834530696922489
2025-03-21,0.5539718546354611
2025-03-24,0.5308247698167456
2025-03-25,0.5485862121425265
2025-03-26,0.6051011313812829
2025-03-27,0.6142357305056492
2025-04-08,0.49141713119653385
2025-04-09,0.48469600582168315
2025-04-10,0.5529798884428854
2025-04-11,0.5549379435508175
2025-04-14,0.580312231701442
2025-04-15,0.5977787647849426
2025-04-16,0.5878409177684154
2025-04-17,0.5969637439467554
2025-04-21,0.5988013877614369
2025-04-22,0.6208355118899478
2025-04-23,0.6437795408430493
2025-04-24,0.6387904515453935
2025-04-25,0.6544118809068729
2025-04-28,0.664927889243401
2025-04-29,0.6711608412803136
2025-04-30,0.6753909773329072
2025-05-02,0.687072983104303
2025-05-05,0.6909456148727287
2025-05-06,0.7067598423393022
2025-05-07,0.7134508941346129
2025-05-08,0.6899424584610563
2025-05-09,0.6911487874747082
2025-05-14,0.7262596151957588
2025-05-15,0.740650236954232
2025-05-16,0.7564931393124803
2025-05-19,0.7647446435867771
2025-05-20,0.7536466273595748
2025-05-21,0.7650717245597576
2025-05-22,0.770925258103597
2025-05-23,0.7821887964708087
2025-05-26,0.7760272985484387
2025-05-27,0.7785610673322882
2025-05-28,0.7730350807519928
2025-06-02,0.746596323099308
2025-06-03,0.7417628476740645
2025-06-04,0.7475436449131372
2025-06-05,0.7581400831732279
2025-06-10,0.7861473364166176
2025-06-11,0.784168532792364
2025-06-12,0.7798509731381567
2025-06-13,0.7707065824825587
2025-06-16,0.7591346137462525
2025-06-17,0.7682685136460483
2025-06-18,0.7567946925011644
2025-06-19,0.7235761772613303
2025-06-20,0.7088943768110587
2025-06-23,0.6802478821525619
2025-06-24,0.6998306488355808
2025-06-25,0.6909911917100515
2025-06-26,0.7065696086146567
2025-06-30,0.7137980239218953
2025-07-01,0.7108570944505994
2025-07-02,0.7027130628309437
2025-07-03,0.7019504960104899
2025-07-04,0.6988807626413025
2025-07-07,0.7074128383539549
2025-07-08,0.7082388164159572
2025-07-09,0.7176755514559368
2025-07-10,0.7323449962332529
2025-07-11,0.7423874017923244
2025-07-14,0.7542550954931222
2025-07-15,0.764597422319006
2025-07-16,0.7769022337891487
2025-07-17,0.7995817772886071
2025-07-18,0.8055245995899392
2025-07-21,0.8261210139178812
2025-07-22,0.8133597346112122
2025-07-23,0.8430795576056991
2025-07-24,0.8578021558640438
2025-07-25,0.8608103433862859
2025-07-28,0.877823089750075
2025-07-29,0.878572484936637
2025-07-30,0.8623346610662574
2025-07-31,0.8466859555009687
2025-08-01,0.8594412898470793
2025-08-04,0.8419850145240986
2025-08-05,0.8540501688615998
2025-08-06,0.8513203381289121
2025-08-07,0.8480815855419648
2025-08-08,0.858394887983251
2025-08-11,0.8757119851501793
2025-08-12,0.9200603386162685
2025-08-13,0.9442227027630548
2025-08-14,0.9533753695256528
2025-08-15,0.9455270626317636
2025-08-19,0.9370700546090449
2025-08-20,0.9563771456193237
2025-08-21,0.9436983943873776
2025-08-22,0.9360917262796493
2025-08-25,0.9523384092226836
2025-08-26,0.9472892890248639
2025-08-27,0.9545510417553864
2025-08-28,0.9583496550288209
2025-08-29,0.9293219934577384
2025-09-01,0.9067798799335445
2025-09-02,0.922420892118762
2025-09-03,0.9425400900938565
2025-09-04,0.9381201867846305
2025-09-08,0.9141285900363925
2025-09-09,0.8811263025347886
2025-09-10,0.8979329626619508
2025-09-11,0.9096061095994168
2025-09-12,0.9349479927853346
2025-09-15,0.9547760118299058
2025-09-16,0.9596884015157559
2025-09-17,0.9757983537080963
2025-09-18,0.9718006478760866
2025-09-19,0.9819906246733017
2025-09-22,0.9793457698981447
2025-09-23,0.9996760666118469
2025-09-24,1.0
2025-09-25,0.979495205814717
2025-09-26,0.9935006975922902
2025-09-29,0.9992091080195191
2025-09-30,0.9843639862320079
